ISBN;weight
059035342X;8.461656880160476
0385504209;8.231148946350128
0142001740;8.171263421843285
0679781587;8.157718205442709
0316666343;8.088485112850499
0312195516;8.034620157606689
0446672211;7.98590392994941
0060930535;7.976516959235989
0671027360;7.954299928013424
0743418174;7.915669456331775
