ISBN;mean
0439425220;9.869565217391305
0060256656;9.75
0618002235;9.72
8826703132;9.714285714285714
0836218221;9.6
0836220889;9.583333333333334
0743454529;9.545454545454545
0140143505;9.464285714285714
0345339738;9.402597402597403
0060256672;9.4
