ISBN;mean
0385504209;9.869565217391305
0385504209;9.75
0385504209;9.72
0385504209;9.714285714285714
0385504209;9.6
0385504209;9.583333333333334
0385504209;9.545454545454545
0385504209;9.464285714285714
0385504209;9.402597402597403
0385504209;9.4
