ISBN;weight
0385504209;8.461656880160476
0385504209;8.231148946350128
0385504209;8.171263421843285
0385504209;8.157718205442709
0385504209;8.088485112850499
0385504209;8.034620157606689
0385504209;7.98590392994941
0385504209;7.976516959235989
0385504209;7.954299928013424
0385504209;7.915669456331775
